{
  "type": "minecraft:crafting_shaped",
  "category": "equipment",
  "key": {
    "#": "minecraft:stick",
    "~": "minecraft:iron_ingot"
  },
  "pattern": [
    "  ~",
    " ~ ",
    "#  "
  ],
  "result": {
    "components": {
      "minecraft:item_name": "Lance",
      "minecraft:lore": [
        {
          "text": "[Common]",
          "color": "white",
          "bold": true,
          "italic": false
        }
      ],
      "minecraft:item_model": "toad_project:lance",
      "minecraft:custom_data": "{Lance:true}",
      "minecraft:attribute_modifiers": [
       {
          "type": "minecraft:attack_damage",
          "id": "1",
          "amount": 5,
          "operation": "add_value",
          "slot": "mainhand"
        },
        {
          "type": "minecraft:attack_speed",
          "id": "2",
          "amount": -2.4,
          "operation": "add_value",
          "slot": "mainhand"
        },
        {
          "type": "minecraft:block_interaction_range",
          "id": "3",
          "amount": 2,
          "operation": "add_value",
          "slot": "mainhand"
        }
      ]
    },
    "count": 1,
    "id": "minecraft:iron_sword"
  }
}