{
  "type": "minecraft:crafting_shaped",
  "category": "misc",
  "key": {
    "#": "minecraft:red_mushroom",
    "S": "minecraft:netherite_upgrade_smithing_template"
  },
  "pattern": [
    "###",
    "#S#",
    "###"
  ],
  "result": {
    "components": {
      "!minecraft:consumable": {},
      "minecraft:item_model": "toad_project:netherite_upgrade_smithing_template_toad",
      "minecraft:item_name": "Special Netherite Upgrade",
      "minecraft:rarity": "uncommon",
      "minecraft:custom_data": "{Special_Netherite_Upgrade:true}"
    },
    "count": 2,
    "id": "minecraft:poisonous_potato"
  }
}