{
  "type": "minecraft:crafting_shaped",
  "category": "misc",
  "key": {
    "#": "minecraft:cobweb",
    "~": "minecraft:iron_ingot"
  },
  "pattern": [
    "~#~",
    "#~#",
    "~#~"
  ],
  "result": {
    "components": {
      "minecraft:item_name": {
        "text": "Silk Rod",
        "color": "red"
      },
      "minecraft:lore": [
        {
          "text": "[Rare]",
          "color": "red",
          "bold": true,
          "italic": false
        }
      ],
      "minecraft:item_model": "toad_project:silk_rod",
      "!minecraft:consumable": {},
      "minecraft:custom_data": "{Silk_Rod:true}"
    },
    "count": 1,
    "id": "minecraft:poisonous_potato"
  }
}