{
  "criteria": {
    "2": {
      "trigger": "minecraft:player_killed_entity",
      "conditions": {
        "player": [
          {
            "condition": "minecraft:reference",
            "name": "toad_project:umbra_tarantulae"
          }
        ],
        "entity": [
          {
            "condition": "minecraft:entity_properties",
            "entity": "this",
            "predicate": {
              "type": [
                "minecraft:cave_spider",
                "minecraft:spider"
              ]
            }
          },
          {
            "condition": "minecraft:random_chance",
            "chance": 0.3
          }
        ]
      }
    }
  },
  "rewards": {
    "function": "toad_project:ability/umbra_tarantulae"
  },
  "sends_telemetry_event": true
}