{
  "anvil_cost": 1,
  "description": "Arachnophobia Protection",
  "effects": {
    "minecraft:damage_protection": [
      {
        "requirements": {
          "condition": "minecraft:damage_source_properties",
          "predicate": {
            "direct_entity": {
              "type": "#minecraft:sensitive_to_bane_of_arthropods"
            }
          }
        },
        "effect": {
          "type": "minecraft:add",
          "value": 6
        }
      }
    ]
  },
  "max_cost": {
    "base": 1,
    "per_level_above_first": 0
  },
  "max_level": 1,
  "min_cost": {
    "base": 1,
    "per_level_above_first": 0
  },
  "slots": [
    "armor"
  ],
  "supported_items": "#minecraft:enchantable/armor",
  "weight": 1
}