{
  "anvil_cost": 1,
  "description": "Tarantula Hunter",
  "effects": {
    "minecraft:damage": [
      {
        "effect": {
          "type": "minecraft:add",
          "value": {
            "type": "minecraft:linear",
            "base": 5,
            "per_level_above_first": 5
          }
        },
        "requirements": {
          "condition": "minecraft:entity_properties",
          "entity": "this",
          "predicate": {
            "type": "#minecraft:sensitive_to_bane_of_arthropods"
          }
        }
      }
    ]
  },
  "max_cost": {
    "base": 1,
    "per_level_above_first": 0
  },
  "max_level": 1,
  "min_cost": {
    "base": 1,
    "per_level_above_first": 0
  },
  "primary_items": "#minecraft:enchantable/sword",
  "slots": [
    "mainhand"
  ],
  "supported_items": "#minecraft:enchantable/weapon",
  "weight": 1
}