{
  "display": {
    "icon": {
      "id": "minecraft:enchanted_book"
    },
    "title": "Double Defense",
    "description": "Craft Arachnophobia Protection by dropping book, spider heart, 3 Chelicerae and 3 Bottle o' Enchanting on Enchanting Table",
    "frame": "task"
  },
  "parent": "toad_project:toad_exploration/spider/chelicerae",
  "criteria": {
    "quit": {
      "trigger": "minecraft:inventory_changed",
      "conditions": {
        "items": [
          {
            "predicates": {
              "minecraft:custom_data": "{Arachnophobia_Protection:true}"
            }
          }
        ]
      }
    }
  },
  "sends_telemetry_event": true
}