{
  "display": {
    "icon": {
      "id": "minecraft:poisonous_potato",
      "components": {
        "minecraft:item_model": "toad_project:chelicerae"
      }
    },
    "title": "Chelicerae Whatever This is",
    "description": "Obtain Chelicerae from Black Widow",
    "frame": "task"
  },
  "parent": "toad_project:toad_exploration/spider/spider_heart",
  "criteria": {
    "quit": {
      "trigger": "minecraft:inventory_changed",
      "conditions": {
        "items": [
          {
            "predicates": {
              "minecraft:custom_data": "{Chelicerae:true}"
            }
          }
        ]
      }
    }
  },
  "sends_telemetry_event": true
}