{
  "display": {
    "icon": {
      "id": "minecraft:poisonous_potato",
      "components": {
        "minecraft:item_model": "toad_project:silk_rod"
      }
    },
    "title": "Silk The Rod",
    "description": "Craft Silk Rod",
    "frame": "task"
  },
  "parent": "toad_project:toad_exploration/spider/spider_hunter_ii",
  "criteria": {
    "quit": {
      "trigger": "minecraft:inventory_changed",
      "conditions": {
        "items": [
          {
            "predicates": {
              "minecraft:custom_data": "{Silk_Rod:true}"
            }
          }
        ]
      }
    }
  },
  "sends_telemetry_event": true
}