{
  "display": {
    "icon": {
      "id": "minecraft:poisonous_potato",
      "components": {
        "minecraft:item_model": "toad_project:snapfang"
      }
    },
    "title": "Show them Who is the Boss",
    "description": "Craft Snapfang by dropping Stick,7 Silk Rod and Spider Heart On Anvil",
    "frame": "task"
  },
  "parent": "toad_project:toad_exploration/spider/spider_heart",
  "criteria": {
    "quit": {
      "trigger": "minecraft:inventory_changed",
      "conditions": {
        "items": [
          {
            "predicates": {
              "minecraft:custom_data": "{Snapfang:true}"
            }
          }
        ]
      }
    }
  },
  "sends_telemetry_event": true
}