{
  "display": {
    "icon": {
      "id": "minecraft:spider_eye",
      "components": {
        "minecraft:enchantment_glint_override": true
      }
    },
    "title": "Spider Completer I",
    "description": "Finish all Advancements that are related to Spider dungeon part i",
    "frame": "challenge"
  },
  "parent": "toad_project:toad_exploration/spider/chelicerae",
  "criteria": {
    "dungeon": {
      "trigger": "minecraft:tick",
      "conditions": {
        "player": {
          "type_specific": {
            "type": "minecraft:player",
            "advancements": {
              "toad_project:toad_exploration/spider/spider_dungeon": true
            }
          }
        }
      }
    },
    "silk_rod": {
      "trigger": "minecraft:tick",
      "conditions": {
        "player": {
          "type_specific": {
            "type": "minecraft:player",
            "advancements": {
              "toad_project:toad_exploration/spider/silk_rod": true
            }
          }
        }
      }
    },
    "tara_hunter": {
      "trigger": "minecraft:tick",
      "conditions": {
        "player": {
          "type_specific": {
            "type": "minecraft:player",
            "advancements": {
              "toad_project:toad_exploration/spider/tara_hunter": true
            }
          }
        }
      }
    },
    "spider_heart": {
      "trigger": "minecraft:tick",
      "conditions": {
        "player": {
          "type_specific": {
            "type": "minecraft:player",
            "advancements": {
              "toad_project:toad_exploration/spider/spider_heart": true
            }
          }
        }
      }
    },
    "snapfang": {
      "trigger": "minecraft:tick",
      "conditions": {
        "player": {
          "type_specific": {
            "type": "minecraft:player",
            "advancements": {
              "toad_project:toad_exploration/spider/snapfang": true
            }
          }
        }
      }
    },
    "chelicerae": {
      "trigger": "minecraft:tick",
      "conditions": {
        "player": {
          "type_specific": {
            "type": "minecraft:player",
            "advancements": {
              "toad_project:toad_exploration/spider/chelicerae": true
            }
          }
        }
      }
    },
    "spider_chestplate": {
      "trigger": "minecraft:tick",
      "conditions": {
        "player": {
          "type_specific": {
            "type": "minecraft:player",
            "advancements": {
              "toad_project:toad_exploration/spider/spider_chestplate": true
            }
          }
        }
      }
    },
    "arachnophobia_protection": {
      "trigger": "minecraft:tick",
      "conditions": {
        "player": {
          "type_specific": {
            "type": "minecraft:player",
            "advancements": {
              "toad_project:toad_exploration/spider/arachnophobia_protection": true
            }
          }
        }
      }
    },
    "venomous": {
      "trigger": "minecraft:tick",
      "conditions": {
        "player": {
          "type_specific": {
            "type": "minecraft:player",
            "advancements": {
              "toad_project:toad_exploration/spider/venomous": true
            }
          }
        }
      }
    },
    "widowpiercer": {
      "trigger": "minecraft:tick",
      "conditions": {
        "player": {
          "type_specific": {
            "type": "minecraft:player",
            "advancements": {
              "toad_project:toad_exploration/spider/widowpiercer": true
            }
          }
        }
      }
    },
    "splash_venomous": {
      "trigger": "minecraft:tick",
      "conditions": {
        "player": {
          "type_specific": {
            "type": "minecraft:player",
            "advancements": {
              "toad_project:toad_exploration/spider/splash_venomous": true
            }
          }
        }
      }
    },
    "tara_chestplate": {
      "trigger": "minecraft:tick",
      "conditions": {
        "player": {
          "type_specific": {
            "type": "minecraft:player",
            "advancements": {
              "toad_project:toad_exploration/spider/tara_chestplate": true
            }
          }
        }
      }
    },
    "spider_relic": {
      "trigger": "minecraft:tick",
      "conditions": {
        "player": {
          "type_specific": {
            "type": "minecraft:player",
            "advancements": {
              "toad_project:toad_exploration/spider/spider_relic": true
            }
          }
        }
      }
    }
  },
  "rewards": {
    "experience": 50
  },
  "sends_telemetry_event": true
}