{
  "display": {
    "icon": {
      "id": "minecraft:mossy_cobblestone"
    },
    "title": "The Dungeon",
    "description": "Find Spider Dungeon",
    "frame": "task"
  },
  "parent": "toad_project:toad_exploration/spider/spider_hunter_ii",
  "criteria": {
    "quit": {
      "trigger": "minecraft:location",
      "conditions": {
        "player": [
          {
            "condition": "minecraft:location_check",
            "predicate": {
              "structures": "toad_project:spider_dungeon"
            }
          }
        ]
      }
    }
  },
  "sends_telemetry_event": true
}