{
  "display": {
    "icon": {
      "id": "minecraft:poisonous_potato",
      "components": {
        "minecraft:item_model": "toad_project:spider_relic"
      }
    },
    "title": "Relic of All Poison",
    "description": "Obtain Spider Relic, Found in rare 'Sand' room",
    "frame": "challenge"
  },
  "parent": "toad_project:toad_exploration/spider/chelicerae",
  "criteria": {
    "quit": {
      "trigger": "minecraft:inventory_changed",
      "conditions": {
        "items": [
          {
            "predicates": {
              "minecraft:custom_data": "{Spider_Relic:true}"
            }
          }
        ]
      }
    }
  },
  "rewards": {
    "experience": 40
  },
  "sends_telemetry_event": true
}