{
  "display": {
    "icon": {
      "id": "minecraft:string"
    },
    "title": "Spider Hunter",
    "description": "Kill 5 Spiders",
    "frame": "task"
  },
  "parent": "toad_project:toad_exploration/root",
  "criteria": {
    "quit": {
      "trigger": "minecraft:tick",
      "conditions": {
        "player": {
          "type_specific": {
            "type": "minecraft:player",
            "stats": [
              {
                "type": "minecraft:killed",
                "stat": "minecraft:spider",
                "value": {
                  "min": 5
                }
              }
            ]
          }
        }
      }
    }
  },
  "sends_telemetry_event": true,
  "rewards": {
    "recipes": [
      "toad_project:cobweb"
    ]
  }
}