{
  "display": {
    "icon": {
      "id": "minecraft:cobweb"
    },
    "title": "Spider Hunter II",
    "description": "Kill 25 Spiders",
    "frame": "task"
  },
  "parent": "toad_project:toad_exploration/spider/spider_hunter",
  "criteria": {
    "quit": {
      "trigger": "minecraft:tick",
      "conditions": {
        "player": {
          "type_specific": {
            "type": "minecraft:player",
            "stats": [
              {
                "type": "minecraft:killed",
                "stat": "minecraft:spider",
                "value": {
                  "min": 25
                }
              }
            ]
          }
        }
      }
    }
  },
  "sends_telemetry_event": true,
  "rewards": {
    "recipes": [
      "toad_project:silk_rod"
    ]
  }
}