{
  "display": {
    "icon": {
      "id": "minecraft:poisonous_potato",
      "components": {
        "minecraft:item_model": "toad_project:spider_heart"
      }
    },
    "title": "A Heart? Yuck",
    "description": "Obtain Spider Heart from killing... Spiders",
    "frame": "task"
  },
  "parent": "toad_project:toad_exploration/spider/tara_hunter",
  "criteria": {
    "quit": {
      "trigger": "minecraft:inventory_changed",
      "conditions": {
        "items": [
          {
            "predicates": {
              "minecraft:custom_data": "{Spider_Heart:true}"
            }
          }
        ]
      }
    }
  },
  "sends_telemetry_event": true
}