{
  "display": {
    "icon": {
      "id": "minecraft:poisonous_potato",
      "components": {
        "minecraft:item_model": "toad_project:spider_chestplate"
      }
    },
    "title": "Use Their Body as Protection, Genius",
    "description": "Craft Spider Chestplate by dropping 6 Silk Rod and 3 Spider Heart On Anvil",
    "frame": "task"
  },
  "parent": "toad_project:toad_exploration/spider/spider_heart",
  "criteria": {
    "quit": {
      "trigger": "minecraft:inventory_changed",
      "conditions": {
        "items": [
          {
            "predicates": {
              "minecraft:custom_data": "{Spider_Chestplate:true}"
            }
          }
        ]
      }
    }
  },
  "sends_telemetry_event": true
}