{
  "display": {
    "icon": {
      "id": "minecraft:splash_potion"
    },
    "title": "Another Way to Venom Them",
    "description": "Craft Splash Potion of Venomous by Awkward Splash Potion and 3 Chelicerae On Brewing Stand (top of Blaze Rod)",
    "frame": "task"
  },
  "parent": "toad_project:toad_exploration/spider/chelicerae",
  "criteria": {
    "quit": {
      "trigger": "minecraft:inventory_changed",
      "conditions": {
        "items": [
          {
            "predicates": {
              "minecraft:custom_data": "{Splash_Venomous:true}"
            }
          }
        ]
      }
    }
  },
  "sends_telemetry_event": true
}