{
  "display": {
    "icon": {
      "id": "minecraft:enchanted_book"
    },
    "title": "Book that Spiders Fear",
    "description": "Craft Tarantula Hunter by dropping Book, 3 Silk Rod and 3 Bottle o' Enchanting On Enchanting Table",
    "frame": "task"
  },
  "parent": "toad_project:toad_exploration/spider/silk_rod",
  "criteria": {
    "quit": {
      "trigger": "minecraft:inventory_changed",
      "conditions": {
        "items": [
          {
            "predicates": {
              "minecraft:custom_data": "{Tarantula_Hunter:true}"
            }
          }
        ]
      }
    }
  },
  "sends_telemetry_event": true
}