{
  "display": {
    "icon": {
      "id": "minecraft:diamond_chestplate",
      "components": {
        "minecraft:item_model": "toad_project:tarantula_chestplate"
      }
    },
    "title": "Tarantula Armor",
    "description": "Craft Tarantula Chestplate by dropping 2 Spider Heart, 3 Silk Rod, 8 Chelicerae and Spider Chestplate On Anvil",
    "frame": "goal"
  },
  "parent": "toad_project:toad_exploration/spider/chelicerae",
  "criteria": {
    "quit": {
      "trigger": "minecraft:inventory_changed",
      "conditions": {
        "items": [
          {
            "predicates": {
              "minecraft:custom_data": "{Tarantula_Chestplate:true}"
            }
          }
        ]
      }
    }
  },
  "sends_telemetry_event": true
}