{
  "display": {
    "icon": {
      "id": "minecraft:enchanted_book"
    },
    "title": "The Power of Venom",
    "description": "Craft Venomous by dropping Book, 3 Bottle o' Enchanting, 2 Spider Heart and 5 Chelicerae On Enchanting Table",
    "frame": "task"
  },
  "parent": "toad_project:toad_exploration/spider/chelicerae",
  "criteria": {
    "quit": {
      "trigger": "minecraft:inventory_changed",
      "conditions": {
        "items": [
          {
            "predicates": {
              "minecraft:custom_data": "{Venomous:true}"
            }
          }
        ]
      }
    }
  },
  "sends_telemetry_event": true
}