{
  "display": {
    "icon": {
      "id": "minecraft:diamond_sword",
      "components": {
        "minecraft:item_model": "toad_project:widowpiercer"
      }
    },
    "title": "The Spider Killer",
    "description": "Craft Widowpiercer by dropping Spider Heart, 4 Silk Rod, 9 Chelicerae and Snapfang On Anvil",
    "frame": "goal"
  },
  "parent": "toad_project:toad_exploration/spider/chelicerae",
  "criteria": {
    "quit": {
      "trigger": "minecraft:inventory_changed",
      "conditions": {
        "items": [
          {
            "predicates": {
              "minecraft:custom_data": "{Widowpiercer:true}"
            }
          }
        ]
      }
    }
  },
  "sends_telemetry_event": true
}