{
  "display": {
    "icon": {
      "id": "minecraft:string",
      "components": {
        "item_model": "toad_project:lance"
      }
    },
    "title": "Ride Your Horse",
    "description": "Craft Lance",
    "frame": "task"
  },
  "parent": "toad_project:toad_other/root",
  "criteria": {
    "quit": {
      "trigger": "minecraft:inventory_changed",
      "conditions": {
        "items": [
          {
            "predicates": {
              "minecraft:custom_data": "{Lance:true}"
            }
          }
        ]
      }
    }
  }
}