{
  "display": {
    "icon": {
      "id": "minecraft:string",
      "components": {
        "item_model": "toad_project:netherite_lance"
      }
    },
    "title": "The Dark Knight",
    "description": "Craft Netherite Lance by dropping Diamond Lance, Netherite Ingot and Special Netherite Upgrade on Smithing table",
    "frame": "goal"
  },
  "parent": "toad_project:toad_other/recipe/lance",
  "criteria": {
    "quit": {
      "trigger": "minecraft:inventory_changed",
      "conditions": {
        "items": [
          {
            "predicates": {
              "minecraft:custom_data": "{Netherite_Lance:true}"
            }
          }
        ]
      }
    }
  }
}