{
  "display": {
    "icon": {
      "id": "minecraft:brown_mushroom"
    },
    "title": {
      "text": "Toad Other",
      "color": "#ffa200",
      "bold": true
    },
    "description": "All Toad Project advancements not related to exploration but to other things such as food, tools/weapon and other",
    "background": "minecraft:block/brown_mushroom_block",
    "frame": "task"
  },
  "criteria": {
    "0": {
      "trigger": "minecraft:tick"
    }
  },
  "rewards": {
    "recipes": [
      "toad_project:lance",
      "toad_project:diamond_lance",
      "toad_project:netherite_upgrade_smithing_template_toad"
    ]
  },
  "sends_telemetry_event": true
}