{
  "name": "toad_project:spider_dungeon/chests",
  "fallback": "minecraft:empty",
  "elements": [
    {
      "weight": 10,
      "element": {
        "element_type": "minecraft:single_pool_element",
        "projection": "rigid",
        "location": "toad_project:spider_dungeon/loot/dungeon_chest",
        "processors": "minecraft:empty",
        "override_liquid_settings": "apply_waterlogging"
      }
    },
        {
      "weight": 10,
      "element": {
        "element_type": "minecraft:empty_pool_element"
      }
    }
  ]
}