{
  "name": "toad_project:spider_dungeon/mob_spawner",
  "fallback": "minecraft:empty",
  "elements": [
    {
      "weight": 10,
      "element": {
        "element_type": "minecraft:single_pool_element",
        "projection": "rigid",
        "location": "toad_project:spider_dungeon/mob_spawner/spawner_flammed_i",
        "processors": "minecraft:empty",
        "override_liquid_settings": "apply_waterlogging"
      }
    },
    {
      "weight": 10,
      "element": {
        "element_type": "minecraft:single_pool_element",
        "projection": "rigid",
        "location": "toad_project:spider_dungeon/mob_spawner/spawner_fruit_i",
        "processors": "minecraft:empty",
        "override_liquid_settings": "apply_waterlogging"
      }
    },
    {
      "weight": 10,
      "element": {
        "element_type": "minecraft:single_pool_element",
        "projection": "rigid",
        "location": "toad_project:spider_dungeon/mob_spawner/spawner_speed_i",
        "processors": "minecraft:empty",
        "override_liquid_settings": "apply_waterlogging"
      }
    },
        {
      "weight": 10,
      "element": {
        "element_type": "minecraft:single_pool_element",
        "projection": "rigid",
        "location": "toad_project:spider_dungeon/mob_spawner/spawner_tank_i",
        "processors": "minecraft:empty",
        "override_liquid_settings": "apply_waterlogging"
      }
    },
        {
      "weight": 10,
      "element": {
        "element_type": "minecraft:single_pool_element",
        "projection": "rigid",
        "location": "toad_project:spider_dungeon/mob_spawner/spawner_warrior_i",
        "processors": "minecraft:empty",
        "override_liquid_settings": "apply_waterlogging"
      }
    },
        {
      "weight": 7,
      "element": {
        "element_type": "minecraft:single_pool_element",
        "projection": "rigid",
        "location": "toad_project:spider_dungeon/mob_spawner/spawner_massive",
        "processors": "minecraft:empty",
        "override_liquid_settings": "apply_waterlogging"
      }
    },
        {
      "weight": 5,
      "element": {
        "element_type": "minecraft:single_pool_element",
        "projection": "rigid",
        "location": "toad_project:spider_dungeon/mob_spawner/spawner_fruit_ii",
        "processors": "minecraft:empty",
        "override_liquid_settings": "apply_waterlogging"
      }
    },
        {
      "weight": 5,
      "element": {
        "element_type": "minecraft:single_pool_element",
        "projection": "rigid",
        "location": "toad_project:spider_dungeon/mob_spawner/spawner_speed_ii",
        "processors": "minecraft:empty",
        "override_liquid_settings": "apply_waterlogging"
      }
    },
        {
      "weight": 5,
      "element": {
        "element_type": "minecraft:single_pool_element",
        "projection": "rigid",
        "location": "toad_project:spider_dungeon/mob_spawner/spawner_tank_ii",
        "processors": "minecraft:empty",
        "override_liquid_settings": "apply_waterlogging"
      }
    },
        {
      "weight": 5,
      "element": {
        "element_type": "minecraft:single_pool_element",
        "projection": "rigid",
        "location": "toad_project:spider_dungeon/mob_spawner/spawner_warrior_ii",
        "processors": "minecraft:empty",
        "override_liquid_settings": "apply_waterlogging"
      }
    },
        {
      "weight": 2,
      "element": {
        "element_type": "minecraft:single_pool_element",
        "projection": "rigid",
        "location": "toad_project:spider_dungeon/mob_spawner/spawner_tank_iii",
        "processors": "minecraft:empty",
        "override_liquid_settings": "apply_waterlogging"
      }
    }
    
  ]
}