{
  "name": "toad_project:spider_dungeon/treasure_blocks",
  "fallback": "minecraft:empty",
  "elements": [
    {
      "weight": 10,
      "element": {
        "element_type": "minecraft:single_pool_element",
        "projection": "rigid",
        "location": "toad_project:spider_dungeon/loot/gold_block",
        "processors": "minecraft:empty",
        "override_liquid_settings": "apply_waterlogging"
      }
    },
    {
      "weight": 7,
      "element": {
        "element_type": "minecraft:single_pool_element",
        "projection": "rigid",
        "location": "toad_project:spider_dungeon/loot/iron_block",
        "processors": "minecraft:empty",
        "override_liquid_settings": "apply_waterlogging"
      }
    },
        {
      "weight": 1,
      "element": {
        "element_type": "minecraft:single_pool_element",
        "projection": "rigid",
        "location": "toad_project:spider_dungeon/loot/diamond_block",
        "processors": "minecraft:empty",
        "override_liquid_settings": "apply_waterlogging"
      }
    }
  ]
}