{
  "type": "minecraft:jigsaw",
  "biomes": "#minecraft:has_structure/mineshaft",
  "terrain_adaptation": "encapsulate",
  "spawn_overrides": {},
  "step": "underground_structures",
  "start_pool": "toad_project:deep_dungeon/cave_spider_center",
  "size": 6,
  "start_height": {
    "type": "minecraft:uniform",
    "min_inclusive": {
      "absolute": -25
    },
    "max_inclusive": {
      "absolute": -15
    }
  },
  "max_distance_from_center": 116,
  "use_expansion_hack": false,
  "liquid_settings": "ignore_waterlogging"
}