{
  "name": "toad_project:deep_dungeon/deep_rooms",
  "fallback": "minecraft:empty",
  "elements": [
    {
      "weight": 10,
      "element": {
        "element_type": "minecraft:single_pool_element",
        "projection": "rigid",
        "location": "toad_project:deep_dungeon/deep_rooms/room_a",
        "processors": "minecraft:empty",
        "override_liquid_settings": "apply_waterlogging"
      }
    },
    {
      "weight": 10,
      "element": {
        "element_type": "minecraft:single_pool_element",
        "projection": "rigid",
        "location": "toad_project:deep_dungeon/deep_rooms/room_b",
        "processors": "minecraft:empty",
        "override_liquid_settings": "apply_waterlogging"
      }
    },
    {
      "weight": 10,
      "element": {
        "element_type": "minecraft:single_pool_element",
        "projection": "rigid",
        "location": "toad_project:deep_dungeon/deep_rooms/room_c",
        "processors": "minecraft:empty",
        "override_liquid_settings": "apply_waterlogging"
      }
    },
    {
      "weight": 10,
      "element": {
        "element_type": "minecraft:single_pool_element",
        "projection": "rigid",
        "location": "toad_project:deep_dungeon/deep_rooms/room_d",
        "processors": "minecraft:empty",
        "override_liquid_settings": "apply_waterlogging"
      }
    },
        {
      "weight": 10,
      "element": {
        "element_type": "minecraft:single_pool_element",
        "projection": "rigid",
        "location": "toad_project:deep_dungeon/deep_rooms/room_e",
        "processors": "minecraft:empty",
        "override_liquid_settings": "apply_waterlogging"
      }
    },
    {
      "weight": 7,
      "element": {
        "element_type": "minecraft:single_pool_element",
        "projection": "rigid",
        "location": "toad_project:deep_dungeon/deep_rooms/long_tunnel",
        "processors": "minecraft:empty",
        "override_liquid_settings": "apply_waterlogging"
      }
    },
        {
      "weight": 4,
      "element": {
        "element_type": "minecraft:single_pool_element",
        "projection": "rigid",
        "location": "toad_project:deep_dungeon/deep_rooms/room_miniboss",
        "processors": "minecraft:empty",
        "override_liquid_settings": "apply_waterlogging"
      }
    },
        {
      "weight": 2,
      "element": {
        "element_type": "minecraft:single_pool_element",
        "projection": "rigid",
        "location": "toad_project:deep_dungeon/deep_rooms/room_treasure",
        "processors": "minecraft:empty",
        "override_liquid_settings": "apply_waterlogging"
      }
    },
    {
      "weight": 5,
      "element": {
        "element_type": "minecraft:empty_pool_element"
      }
    }
    
  ]
}