{
  "name": "toad_project:deep_dungeon/mob_spawner",
  "fallback": "minecraft:empty",
  "elements": [
    {
      "weight": 25,
      "element": {
        "element_type": "minecraft:empty_pool_element"
      }
    },
        {
      "weight": 10,
      "element": {
        "element_type": "minecraft:single_pool_element",
        "projection": "rigid",
        "location": "toad_project:deep_dungeon/mob_spawner/spawner_berserker",
        "processors": "minecraft:empty",
        "override_liquid_settings": "apply_waterlogging"
      }
    },
        {
      "weight": 10,
      "element": {
        "element_type": "minecraft:single_pool_element",
        "projection": "rigid",
        "location": "toad_project:deep_dungeon/mob_spawner/spawner_floater",
        "processors": "minecraft:empty",
        "override_liquid_settings": "apply_waterlogging"
      }
    },
        {
      "weight": 10,
      "element": {
        "element_type": "minecraft:single_pool_element",
        "projection": "rigid",
        "location": "toad_project:deep_dungeon/mob_spawner/spawner_guardian",
        "processors": "minecraft:empty",
        "override_liquid_settings": "apply_waterlogging"
      }
    },
        {
      "weight": 10,
      "element": {
        "element_type": "minecraft:single_pool_element",
        "projection": "rigid",
        "location": "toad_project:deep_dungeon/mob_spawner/spawner_supporter",
        "processors": "minecraft:empty",
        "override_liquid_settings": "apply_waterlogging"
      }
    },
        {
      "weight": 10,
      "element": {
        "element_type": "minecraft:single_pool_element",
        "projection": "rigid",
        "location": "toad_project:deep_dungeon/mob_spawner/spawner_withered",
        "processors": "minecraft:empty",
        "override_liquid_settings": "apply_waterlogging"
      }
    }
  ]
}