{
  "name": "toad_project:deep_dungeon/treasure_chest",
  "fallback": "minecraft:empty",
  "elements": [
    {
      "weight": 7,
      "element": {
        "element_type": "minecraft:single_pool_element",
        "projection": "rigid",
        "location": "toad_project:deep_dungeon/treasure_chest/treasure_chest_i",
        "processors": "minecraft:empty",
        "override_liquid_settings": "apply_waterlogging"
      }
    },
    {
      "weight": 10,
      "element": {
        "element_type": "minecraft:single_pool_element",
        "projection": "rigid",
        "location": "toad_project:deep_dungeon/treasure_chest/treasure_chest_ii",
        "processors": "minecraft:empty",
        "override_liquid_settings": "apply_waterlogging"
      }
    },
    {
      "weight": 5,
      "element": {
        "element_type": "minecraft:empty_pool_element"
      }
    }
    
  ]
}