{
  "type": "minecraft:entity",
  "pools": [
    {
      "bonus_rolls": 0,
      "entries": [
        {
          "type": "minecraft:item",
          "functions": [
            {
              "add": false,
              "count": {
                "type": "minecraft:uniform",
                "max": 38,
                "min": 25
              },
              "function": "minecraft:set_count"
            },
            {
              "count": {
                "type": "minecraft:uniform",
                "max": 18,
                "min": 9
              },
              "enchantment": "minecraft:looting",
              "function": "minecraft:enchanted_count_increase"
            }
          ],
          "name": "minecraft:string"
        }
      ],
      "rolls": 1
    },
    {
      "bonus_rolls": 0,
      "conditions": [
        {
          "condition": "minecraft:killed_by_player"
        }
      ],
      "entries": [
        {
          "type": "minecraft:item",
          "functions": [
            {
              "add": false,
              "count": {
                "type": "minecraft:uniform",
                "max": 29,
                "min": 15
              },
              "function": "minecraft:set_count"
            },
            {
              "count": {
                "type": "minecraft:uniform",
                "max": 8,
                "min": 3
              },
              "enchantment": "minecraft:looting",
              "function": "minecraft:enchanted_count_increase"
            }
          ],
          "name": "minecraft:spider_eye"
        }
      ],
      "rolls": 1
    },
    {
      "rolls": 1,
      "bonus_rolls": 0,
      "entries": [
        {
          "type": "minecraft:item",
          "name": "minecraft:poisonous_potato",
          "functions": [
            {
              "function": "minecraft:set_components",
              "components": {
                "!minecraft:consumable": {},
                "minecraft:item_name": {
                  "text": "Spider Heart",
                  "color": "red"
                },
                "minecraft:item_model": "toad_project:spider_heart",
                "minecraft:lore": [
                  {
                    "text": "[Rare]",
                    "color": "red",
                    "bold": true,
                    "italic": false
                  }
                ],
                "minecraft:custom_data": "{Spider_Heart:true}"
              }
            },
            {
              "function": "minecraft:set_count",
              "count": 2,
              "add": false
            }
          ],
          "conditions": []
        }
      ]
    },
    {
      "rolls": 1,
      "bonus_rolls": 0,
      "entries": [
        {
          "type": "minecraft:item",
          "name": "minecraft:poisonous_potato",
          "functions": [
            {
              "function": "minecraft:set_components",
              "components": {
                "!minecraft:consumable": {},
                "minecraft:item_name": {
                  "text": "Deep Heart",
                  "color": "red"
                },
                "minecraft:item_model": "toad_project:deep_heart",
                "minecraft:lore": [
                  {
                    "text": "[Rare]",
                    "color": "red",
                    "bold": true,
                    "italic": false
                  }
                ],
                "minecraft:custom_data": "{Deep_Heart:true}"
              }
            },
            {
              "function": "minecraft:set_count",
              "count": 4
            }
          ],
          "conditions": []
        }
      ]
    },
    {
      "rolls": 1,
      "bonus_rolls": 0,
      "entries": [
        {
          "type": "minecraft:empty",
          "weight": 1
        },
        {
          "type": "minecraft:item",
          "name": "minecraft:poisonous_potato",
          "functions": [
            {
              "function": "minecraft:set_components",
              "components": {
                "!minecraft:consumable": {},
                "minecraft:item_name": {
                  "text": "Twisted Fang",
                  "color": "red"
                },
                "minecraft:item_model": "toad_project:twisted_fang",
                "minecraft:lore": [
                  {
                    "text": "[Rare]",
                    "color": "red",
                    "bold": true,
                    "italic": false
                  }
                ],
                "minecraft:custom_data": "{Twisted_Fang:true}"
              }
            },
            {
              "function": "minecraft:set_count",
              "count": {
                "type": "minecraft:uniform",
                "min": 45,
                "max": 78
              },
              "add": false
            },
            {
              "function": "minecraft:enchanted_count_increase",
              "count": {
                "type": "minecraft:uniform",
                "min": 15,
                "max": 35
              },
              "enchantment": "minecraft:looting"
            }
          ],
          "conditions": []
        }
      ]
    },
    {
      "rolls": 1,
      "bonus_rolls": 0,
      "entries": [
        {
          "type": "minecraft:item",
          "name": "minecraft:poisonous_potato",
          "functions": [
            {
              "function": "minecraft:set_components",
              "components": {
                "!minecraft:consumable": {},
                "minecraft:item_name": {
                  "text": "Arach's Zul's Scale",
                  "color": "dark_purple"
                },
                "minecraft:item_model": "toad_project:arach_zul_scale",
                "minecraft:lore": [
                  {
                    "text": "[Epic]",
                    "color": "dark_purple",
                    "bold": true,
                    "italic": false
                  }
                ],
                "minecraft:custom_data": "{Arach_Zul_Scale:true}",
                "minecraft:tooltip_style": "toad_project:epic"
              }
            },
            {
              "function": "minecraft:set_count",
              "count": {
                "type": "minecraft:uniform",
                "min": 9,
                "max": 12
              },
              "add": false
            },
            {
              "function": "minecraft:enchanted_count_increase",
              "count": {
                "type": "minecraft:uniform",
                "min": 2,
                "max": 4
              },
              "enchantment": "minecraft:looting"
            }
          ]
        }
      ]
    }
  ],
  "random_sequence": "minecraft:entities/spider"
}