{
  "type": "minecraft:entity",
  "pools": [
    {
      "bonus_rolls": 0,
      "entries": [
        {
          "type": "minecraft:item",
          "functions": [
            {
              "add": false,
              "count": {
                "type": "minecraft:uniform",
                "max": 37,
                "min": 16
              },
              "function": "minecraft:set_count"
            },
            {
              "count": {
                "type": "minecraft:uniform",
                "max": 21,
                "min": 13
              },
              "enchantment": "minecraft:looting",
              "function": "minecraft:enchanted_count_increase"
            }
          ],
          "name": "minecraft:string"
        }
      ],
      "rolls": 1
    },
    {
      "bonus_rolls": 0,
      "conditions": [],
      "entries": [
        {
          "type": "minecraft:item",
          "functions": [
            {
              "add": false,
              "count": {
                "type": "minecraft:uniform",
                "max": 16,
                "min": 8
              },
              "function": "minecraft:set_count"
            },
            {
              "count": {
                "type": "minecraft:uniform",
                "max": 8,
                "min": 4
              },
              "enchantment": "minecraft:looting",
              "function": "minecraft:enchanted_count_increase"
            }
          ],
          "name": "minecraft:spider_eye"
        }
      ],
      "rolls": 1
    },
    {
      "rolls": 1,
      "bonus_rolls": 0,
      "entries": [
        {
          "type": "minecraft:item",
          "name": "minecraft:poisonous_potato",
          "functions": [
            {
              "function": "minecraft:set_components",
              "components": {
                "!minecraft:consumable": {},
                "minecraft:item_name": {
                  "text": "Spider Heart",
                  "color": "red"
                },
                "minecraft:item_model": "toad_project:spider_heart",
                "minecraft:lore": [
                  {
                    "text": "[Rare]",
                    "color": "red",
                    "bold": true,
                    "italic": false
                  }
                ],
                "minecraft:custom_data": "{Spider_Heart:true}"
              }
            }
          ],
          "conditions": []
        }
      ]
    },
    {
      "rolls": 1,
      "bonus_rolls": 0,
      "entries": [
        {
          "type": "minecraft:item",
          "name": "minecraft:poisonous_potato",
          "functions": [
            {
              "function": "minecraft:set_components",
              "components": {
                "minecraft:item_model": "toad_project:chelicerae",
                "minecraft:item_name": {
                  "text": "Chelicerae",
                  "color": "dark_purple"
                },
                "minecraft:lore": [
                  {
                    "text": "[Epic]",
                    "color": "dark_purple",
                    "bold": true,
                    "italic": false
                  }
                ],
                "!minecraft:consumable": {},
                "minecraft:custom_data": "{Chelicerae:true}",
                "minecraft:tooltip_style": "toad_project:epic"
              }
            }
          ],
          "conditions": []
        }
      ],
      "functions": [
        {
          "function": "minecraft:set_count",
          "count": {
            "type": "minecraft:uniform",
            "min": 15,
            "max": 25
          },
          "add": false
        },
        {
          "function": "minecraft:enchanted_count_increase",
          "count": {
            "type": "minecraft:uniform",
            "min": 1,
            "max": 5
          },
          "enchantment": "minecraft:looting"
        }
      ]
    }
  ],
  "random_sequence": "minecraft:entities/spider"
}