{
  "display": {
    "icon": {
      "id": "minecraft:poisonous_potato",
      "components": {
        "minecraft:item_model": "toad_project:arach_zul_scale"
      }
    },
    "title": "Thick Spider Scales",
    "description": "Obtain Arach's Zul's Scale from killing Cave Spiders in Deep Dungeon",
    "frame": "task"
  },
  "parent": "toad_project:toad_exploration/deep_dungeon/twisted_fang",
  "criteria": {
    "quit": {
      "trigger": "minecraft:inventory_changed",
      "conditions": {
        "items": [
          {
            "predicates": {
              "minecraft:custom_data": "{Arach_Zul_Scale:true}"
            }
          }
        ]
      }
    }
  },
  "sends_telemetry_event": true
}