{
  "display": {
    "icon": {
      "id": "minecraft:poisonous_potato",
      "components": {
        "minecraft:item_model": "toad_project:arcus_tarantulas"
      }
    },
    "title": "Triple Shot Bow?",
    "description": "Craft Arcus Tarantulas by dropping 5 Spider Heart, 42 Twisted Fang, 5 Arach's Zul's Scale, 13 Silk Rod and 8 Deep Heart On Anvil",
    "frame": "goal"
  },
  "parent": "toad_project:toad_exploration/deep_dungeon/arach_zul",
  "criteria": {
    "quit": {
      "trigger": "minecraft:inventory_changed",
      "conditions": {
        "items": [
          {
            "predicates": {
              "minecraft:custom_data": "{Arcus_Tarantulas:true}"
            }
          }
        ]
      }
    }
  },
  "sends_telemetry_event": true
}