{
  "display": {
    "icon": {
      "id": "minecraft:poisonous_potato",
      "components": {
        "minecraft:item_model": "toad_project:deep_heart"
      }
    },
    "title": "Deepest Heart",
    "description": "Obtain Deep Heart from killing Cave Spiders in Deep Dungeon",
    "frame": "task"
  },
  "parent": "toad_project:toad_exploration/deep_dungeon/deep_dungeon",
  "criteria": {
    "quit": {
      "trigger": "minecraft:inventory_changed",
      "conditions": {
        "items": [
          {
            "predicates": {
              "minecraft:custom_data": "{Deep_Heart:true}"
            }
          }
        ]
      }
    }
  },
  "sends_telemetry_event": true
}