
{
  "display": {
    "icon": {
      "id": "minecraft:fermented_spider_eye",
      "components": {
        "minecraft:enchantment_glint_override": true
      }
    },
    "title": "Spider Completer II",
    "description": "Finish all Advancements that are related to Deep dungeon (or Spider Dungeon Part ii)",
    "frame": "challenge"
  },
  "parent": "toad_project:toad_exploration/deep_dungeon/arach_zul",
  "criteria": {
    "arach_zul": {
      "trigger": "minecraft:tick",
      "conditions": {
        "player": {
          "type_specific": {
            "type": "minecraft:player",
            "advancements": {
              "toad_project:toad_exploration/deep_dungeon/arach_zul": true
            }
          }
        }
      }
    },
    "arcus_tarantulas": {
      "trigger": "minecraft:tick",
      "conditions": {
        "player": {
          "type_specific": {
            "type": "minecraft:player",
            "advancements": {
              "toad_project:toad_exploration/deep_dungeon/arcus_tarantulas": true
            }
          }
        }
      }
    },
    "deep_dungeon": {
      "trigger": "minecraft:tick",
      "conditions": {
        "player": {
          "type_specific": {
            "type": "minecraft:player",
            "advancements": {
              "toad_project:toad_exploration/deep_dungeon/deep_dungeon": true
            }
          }
        }
      }
    },
    "deep_heart": {
      "trigger": "minecraft:tick",
      "conditions": {
        "player": {
          "type_specific": {
            "type": "minecraft:player",
            "advancements": {
              "toad_project:toad_exploration/deep_dungeon/deep_heart": true
            }
          }
        }
      }
    },
    "splash_curse": {
      "trigger": "minecraft:tick",
      "conditions": {
        "player": {
          "type_specific": {
            "type": "minecraft:player",
            "advancements": {
              "toad_project:toad_exploration/deep_dungeon/splash_curse": true
            }
          }
        }
      }
    },
    "twisted_fang": {
      "trigger": "minecraft:tick",
      "conditions": {
        "player": {
          "type_specific": {
            "type": "minecraft:player",
            "advancements": {
              "toad_project:toad_exploration/deep_dungeon/twisted_fang": true
            }
          }
        }
      }
    },
    "umbra_tarantulae": {
      "trigger": "minecraft:tick",
      "conditions": {
        "player": {
          "type_specific": {
            "type": "minecraft:player",
            "advancements": {
              "toad_project:toad_exploration/deep_dungeon/umbra_tarantulae": true
            }
          }
        }
      }
    }
  },
  "rewards": {
    "experience": 60
  },
  "sends_telemetry_event": true
}