{
  "display": {
    "icon": {
      "id": "minecraft:splash_potion"
    },
    "title": "Be Careful of That Curse",
    "description": "Craft Splash Potion of Curse by Awkward Splash Potion, Deep Heart and Arach's Zul's Scale On Brewing Stand (top of Blaze Rod)",
    "frame": "task"
  },
  "parent": "toad_project:toad_exploration/deep_dungeon/arach_zul",
  "criteria": {
    "quit": {
      "trigger": "minecraft:inventory_changed",
      "conditions": {
        "items": [
          {
            "predicates": {
              "minecraft:custom_data": "{Splash_Curse:true}"
            }
          }
        ]
      }
    }
  },
  "sends_telemetry_event": true
}