{
  "display": {
    "icon": {
      "id": "minecraft:poisonous_potato",
      "components": {
        "minecraft:item_model": "toad_project:twisted_fang"
      }
    },
    "title": "Fang with a Little bit of Twist",
    "description": "Obtain Twisted Fang from killing Cave Spiders in Deep Dungeon",
    "frame": "task"
  },
  "parent": "toad_project:toad_exploration/deep_dungeon/deep_heart",
  "criteria": {
    "quit": {
      "trigger": "minecraft:inventory_changed",
      "conditions": {
        "items": [
          {
            "predicates": {
              "minecraft:custom_data": "{Twisted_Fang:true}"
            }
          }
        ]
      }
    }
  },
  "sends_telemetry_event": true
}