{
  "display": {
    "icon": {
      "id": "minecraft:poisonous_potato",
      "components": {
        "minecraft:item_model": "toad_project:umbra_tarantulae"
      }
    },
    "title": "Tarantula Perfect Helmet",
    "description": "Craft Umbra Tarantulae by dropping 5 Deep Heart, 31 Twisted Fang, 7 Arach's Zul's Scale and Broken Umbra Tarantulae On Anvil",
    "frame": "goal"
  },
  "parent": "toad_project:toad_exploration/deep_dungeon/arach_zul",
  "criteria": {
    "quit": {
      "trigger": "minecraft:inventory_changed",
      "conditions": {
        "items": [
          {
            "predicates": {
              "minecraft:custom_data": "{Umbra_Tarantulae:true}"
            }
          }
        ]
      }
    }
  },
  "sends_telemetry_event": true
}